{
    "mse": 0.31653066937916197,
    "r2_score": 0.5156421861589955
}